INSERT INTO idols (id, type, name) VALUES
  (1, 1, '天海春香')
  , (2, 2, '如月千早')
  , (3, 3, '星井美希')
  , (4, 1, '萩原雪歩')
  , (5, 3, '高槻やよい')
  , (6, 1, '菊地真')
  , (7, 2, '水瀬伊織')
  , (8, 2, '四条貴音')
  , (9, 2, '秋月律子')
  , (10, 3, '三浦あずさ')
  , (11, 3, '双海亜美')
  , (12, 3, '双海真美')
  , (13, 1, '我那覇響')
  , (14, 1, '春日未来')
  , (15, 2, '最上静香')
  , (16, 3, '伊吹翼')
  , (17, 1, '田中琴葉')
  , (18, 3, '島原エレナ')
  , (19, 1, '佐竹美奈子')
  , (20, 2, '所恵美')
  , (21, 1, '徳川まつり')
  , (22, 3, '箱崎星梨花')
  , (23, 3, '野々原茜')
  , (24, 3, '望月杏奈')
  , (25, 2, 'ロコ')
  , (26, 1, '七尾百合子')
  , (27, 1, '高山紗代子')
  , (28, 1, '松田亜利沙')
  , (29, 1, '高坂海美')
  , (30, 1, '中谷育')
  , (31, 2, '天空橋朋花')
  , (32, 1, 'エミリー')
  , (33, 2, '北沢志保')
  , (34, 2, '舞浜歩')
  , (35, 3, '木下ひなた')
  , (36, 1, '矢吹可奈')
  , (37, 1, '横山奈緒')
  , (38, 2, '二階堂千鶴')
  , (39, 3, '馬場このみ')
  , (40, 3, '大神環')
  , (41, 3, '豊川風花')
  , (42, 3, '宮尾美也')
  , (43, 1, '福田のり子')
  , (44, 2, '真壁瑞希')
  , (45, 3, '篠宮可憐')
  , (46, 2, '百瀬莉緒')
  , (47, 2, '永吉昴')
  , (48, 3, '北上麗花')
  , (49, 2, '周防桃子')
  , (50, 2, 'ジュリア')
  , (51, 2, '白石紬')
  , (52, 3, '桜守歌織')
  , (201, 0, '詩花')
  , (202, 0, '玲音')
;

INSERT INTO dramas (id, type, name) VALUES
  (1, 1, '任侠')
  , (2, 1, '学園ホラー')
  , (3, 1, '剣と魔法のファンタジー')
  , (4, 2, '超ビーチバレー')
  , (5, 2, '三姉妹カフェ')
  , (6, 2, '劇場サスペンス')
  , (7, 3, '孤島サスペンスホラー')
  , (8, 3, 'おとぎの国の物語')
  , (9, 3, '近未来アウトサイダー')
;

INSERT INTO roles (id, drama_id, name) VALUES
  (1, 1, '風来坊')
  , (2, 1, 'お嬢')
  , (3, 1, '子分')
  , (4, 1, '悪徳組長')
  , (5, 1, '用心棒')
  , (6, 2, '普通の子')
  , (7, 2, '幼なじみ')
  , (8, 2, '転校生')
  , (9, 2, '部長')
  , (10, 2, '霊')
  , (11, 3, '勇者')
  , (12, 3, '魔王')
  , (13, 3, '妖精')
  , (14, 3, '四天王')
  , (15, 3, '村人A')
  , (16, 4, '新入生')
  , (17, 4, '先輩')
  , (18, 4, 'キング')
  , (19, 4, '右腕クイーン')
  , (20, 4, '同級生')
  , (21, 5, '長女')
  , (22, 5, '次女')
  , (23, 5, '三女')
  , (24, 5, 'ネコ')
  , (25, 5, 'お客さん')
  , (26, 6, '新ヒロイン')
  , (27, 6, 'スタア')
  , (28, 6, '元大女優')
  , (29, 6, '支配人')
  , (30, 6, '探偵')
  , (31, 7, '主人公')
  , (32, 7, '友達')
  , (33, 7, '先生')
  , (34, 7, '館の女主人')
  , (35, 7, 'メイド')
  , (36, 8, '少女')
  , (37, 8, '妖精')
  , (38, 8, '魔法使い')
  , (39, 8, 'オオカミ')
  , (40, 8, '旅人')
  , (41, 9, 'ダスク')
  , (42, 9, 'バスターブレイド')
  , (43, 9, 'アマリリス')
  , (44, 9, 'ベルベット')
  , (45, 9, 'ファイナルデイ')
;
